Time,I,Q
0,-0.0011993444059044122696,0.0010470652487128973007
3.0000000000000003936e-08,-0.00092754571232944726944,0.00087040616199374198914
6.0000000000000007873e-08,-0.00094580790027976036072,0.00055278168292716145515
9.0000000000000011809e-08,-0.0012148811947554349899,0.00041913858149200677872
1.2000000000000001575e-07,-0.001467015361413359642,0.0005879609379917383194
1.5000000000000001968e-07,-0.0014532272471114993095,0.00089128199033439159393
1.8000000000000002362e-07,-0.001189722912386059761,0.0010082740336656570435
2.1000000000000002755e-07,-0.00095276709180325269699,0.00085105397738516330719
2.4000000000000003149e-07,-0.00096735480474308133125,0.00056303897872567176819
2.700000000000000619e-07,-0.0011870085727423429489,0.0004158516530878841877
3.000000000000000923e-07,-0.0011500852415338158607,0.00044848394463770091534
3.3000000000000012271e-07,-0.00038772216066718101501,0.00032786850351840257645
3.6000000000000015312e-07,0.00069762673228979110718,-5.1248905947431921959e-05
3.9000000000000018352e-07,0.0012108657974749803543,-0.00042358401697129011154
4.2000000000000021393e-07,0.000699027208611369133,-0.00048015252104960381985
4.5000000000000024433e-07,-0.00045365441474132239819,-0.00011461216490715742111
4.8000000000000027474e-07,-0.0013216362567618489265,0.000441461917944252491
5.1000000000000030515e-07,-0.0014617271954193711281,0.00086350116180256009102
5.4000000000000033555e-07,-0.0012165467487648129463,0.001027619815431535244
5.7000000000000036596e-07,-0.00093846063828095793724,0.00087494874605908989906
6.0000000000000039637e-07,-0.00093352317344397306442,0.00056419993052259087563
6.3000000000000042677e-07,-0.0012128191301599144936,0.00039885923615656793118
6.6000000000000045718e-07,-0.0015019214479252696037,0.00055653322488069534302
6.9000000000000048758e-07,-0.0015092870453372597694,0.0009059302392415702343
7.2000000000000051799e-07,-0.001192505471408367157,0.0010795973939821124077
7.500000000000005484e-07,-0.0009068737272173166275,0.00088125705951824784279
7.800000000000005788e-07,-0.00090637983521446585655,0.00053193478379398584366
8.1000000000000060921e-07,-0.0012097714934498071671,0.00038586184382438659668
8.4000000000000063961e-07,-0.001496731070801615715,0.00057715416187420487404
8.7000000000000067002e-07,-0.0014512964989989995956,0.00088825915008783340454
9.0000000000000070043e-07,-0.00092773255892097949982,0.00091801694361492991447
9.3000000000000073083e-07,0.00010717677650973200798,0.00033557915594428777695
9.6000000000000076124e-07,0.00095519039314240217209,-0.00051059341058135032654
9.9000000000000068577e-07,0.0010962215019389986992,-0.00095110805705189704895
1.0200000000000006103e-06,0.00091765663819387555122,-0.00085398415103554725647
1.0500000000000005348e-06,0.00093443610239773988724,-0.00055113434791564941406
1.0800000000000004593e-06,0.0011437891516834497452,-0.00037555536255240440369
1.1100000000000003839e-06,0.0010124534601345658302,-0.00033480316051281988621
1.1400000000000003084e-06,0.00017716910224407911301,-0.00018566999642644077539
1.1700000000000002329e-06,-0.00088232057169079780579,0.00014310295227915048599
1.2000000000000001575e-06,-0.0014622204471379518509,0.00052166637033224105835
1.230000000000000082e-06,-0.0014914249768480658531,0.00088645383948460221291
1.2600000000000000065e-06,-0.0012026329059153795242,0.0010529451537877321243
1.289999999999999931e-06,-0.00090221600839868187904,0.00087672891095280647278
1.3199999999999998556e-06,-0.00090098968939855694771,0.00054245896171778440475
1.3499999999999997801e-06,-0.0012111193500459194183,0.00037002703174948692322
1.3799999999999997046e-06,-0.0015267607523128390312,0.00054344307864084839821
1.4099999999999996291e-06,-0.0015252996236085891724,0.00091140490258112549782
1.4399999999999995537e-06,-0.0011962857097387313843,0.001103504793718457222
1.4699999999999994782e-06,-0.00085523363668471574783,0.00087319308659061789513
1.4999999999999994027e-06,-0.00070196285378187894821,0.00042206299258396029472
1.5299999999999993273e-06,-0.00024693793966434895992,-0.00014505250146612524986
1.5599999999999992518e-06,0.0003730988246388733387,-0.00048723415238782763481
1.5899999999999991763e-06,0.0007091122097335755825,-0.0003830572240985929966
1.6199999999999991008e-06,0.00053495669271796941757,-1.9684812286868691444e-05
1.6499999999999990254e-06,-9.604709339328110218e-05,0.000312375661451369524
1.6799999999999989499e-06,-0.00067307311110198497772,0.00034684146521613001823
1.7099999999999988744e-06,-0.00076497474219650030136,0.00014082244888413697481
1.7399999999999987989e-06,-0.00021913077216595411301,-0.00012358273670542985201
1.7699999999999987235e-06,0.00054224999621510505676,-0.00026112658088095486164
1.799999999999998648e-06,0.00090692978119477629662,-0.00021104546613059937954
1.8299999999999985725e-06,0.00054381066001951694489,-5.0311507948208600283e-05
1.8599999999999984971e-06,-0.00033356997300870716572,0.00012656534090638160706
1.8899999999999984216e-06,-0.0011224136687815189362,0.00028964146622456610203
1.9199999999999985579e-06,-0.0015097905416041612625,0.00053230050252750515938
1.9499999999999986941e-06,-0.0015267942799255251884,0.00089249532902613282204
1.9799999999999988304e-06,-0.0012101588072255253792,0.0010746970074251294136
2.0099999999999989667e-06,-0.00087943056132644414902,0.00088189879897981882095
2.039999999999999103e-06,-0.00087517371866852045059,0.00052806985331699252129
2.0699999999999992393e-06,-0.0011850844603031873703,0.00033013269421644508839
2.0999999999999993756e-06,-0.0013668027240782976151,0.00042996491538360714912
2.1299999999999995119e-06,-0.00066190038342028856277,0.00046996003948152065277
2.1599999999999996481e-06,0.00071433058474212884903,7.4001058237627148628e-05
2.1899999999999997844e-06,0.0014851741725578904152,-0.0004526886623352766037
2.2199999999999999207e-06,0.001541982404887676239,-0.00091170152882114052773
2.250000000000000057e-06,0.0012015537358820438385,-0.0011117386166006326675
2.2800000000000001933e-06,0.00086476840078830718994,-0.00090754556003957986832
2.3100000000000003296e-06,0.0008838858921080827713,-0.00051904341671615839005
2.3400000000000004659e-06,0.0012167305685579776764,-0.00034105614759027957916
2.3700000000000006021e-06,0.0015328812878578901291,-0.00053755752742290496826
2.4000000000000007384e-06,0.0015183356590569019318,-0.00090834149159491062164
2.4300000000000008747e-06,0.0012053682003170251846,-0.0010874643921852111816
2.460000000000001011e-06,0.00088273733854293823242,-0.00090156955411657691002
2.4900000000000011473e-06,0.00076078932033851742744,-0.00048068765318021178246
2.5200000000000012836e-06,0.00056201644474640488625,-2.6876659831032156944e-05
2.5500000000000014199e-06,1.4319084584712982178e-06,0.00030058959964662790298
2.5800000000000015561e-06,-0.00066699099261313676834,0.00037019068258814513683
2.6100000000000016924e-06,-0.0011800955981016159058,0.00032058567740023136139
2.6400000000000018287e-06,-0.0015341505641117691994,0.00051161821465939283371
2.670000000000001965e-06,-0.0015248653944581747055,0.0008919580141082406044
2.7000000000000021013e-06,-0.0010149900335818529129,0.0010109839495271444321
2.7300000000000022376e-06,-9.5712166512385010719e-06,0.00049379351548850536346
2.7600000000000023739e-06,0.00097822456154972314835,-0.00047083286335691809654
2.7900000000000025101e-06,0.0010558584472164511681,-0.0010244669392704963684
2.8200000000000026464e-06,0.00028142720111645758152,-0.00067358667729422450066
2.8500000000000027827e-06,-0.0007500494830310344696,0.00033015676308423280716
2.880000000000002919e-06,-0.0010693978983908891678,0.0010335126426070928574
2.9100000000000030553e-06,-0.00081098836380988359451,0.00093993701739236712456
2.9400000000000031916e-06,-0.00083901948528364300728,0.00050437555182725191116
2.9700000000000033278e-06,-0.0012007397599518299103,0.00029391789576038718224
3.0000000000000034641e-06,-0.0015611767303198575974,0.00049740355461835861206
3.0300000000000036004e-06,-0.0015765008283779025078,0.0009084008634090423584
3.0600000000000037367e-06,-0.0011998974950984120369,0.0011254050768911838531
3.090000000000003873e-06,-0.00075492204632610082626,0.0008797775954008102417
3.1200000000000040093e-06,-0.000244931783527135849,0.00022155558690428733826
3.1500000000000041456e-06,0.00030596551368944346905,-0.00048700140905566513538
3.1800000000000042818e-06,0.00058840971905738115311,-0.00071272382047027349472
3.2100000000000044181e-06,0.00045660958858206868172,-0.00032763744820840656757
3.2400000000000045544e-06,5.6908756960183382034e-06,0.00029688296490348875523
3.2700000000000046907e-06,-0.00045020604738965630531,0.00061829522019252181053
3.300000000000004827e-06,-0.00058176653692498803139,0.00038346982910297811031
3.3300000000000049633e-06,-0.00031847396166995167732,-0.00013586986460722982883
3.3600000000000050996e-06,0.0002215092099504545331,-0.00048650003736838698387
3.3900000000000052358e-06,0.00073533086106181144714,-0.00044430251000449061394
3.4200000000000053721e-06,0.0011731438571587204933,-0.00028679257957264780998
3.4500000000000055084e-06,0.0015666622202843427658,-0.00046793351066298782825
3.4800000000000056447e-06,0.001560518285259604454,-0.00088484247680753469467
3.510000000000005781e-06,0.00093742768513038754463,-0.0010305085452273488045
3.5400000000000059173e-06,-0.00032438171911053359509,-0.00039341003866866230965
3.5700000000000060536e-06,-0.0013094182359054684639,0.00067711446899920701981
3.6000000000000061898e-06,-0.0011982362484559416771,0.0011583389714360237122
3.6300000000000063261e-06,-0.0008207387290894985199,0.00097158376593142747879
3.6600000000000064624e-06,-0.00080767110921442508698,0.00050229218322783708572
3.6900000000000065987e-06,-0.0011113625951111316681,0.00023172576038632541895
3.720000000000006735e-06,-0.0010208335006609559059,0.00021773394837509840727
3.7500000000000068713e-06,-9.8689051810652017593e-05,0.00012245991092640906572
3.7800000000000070076e-06,0.00094278447795659303665,-8.9709516032598912716e-05
3.8100000000000071438e-06,0.0015288314316421747208,-0.0004450773994904011488
3.8400000000000072801e-06,0.0015843436121940612793,-0.00090151000767946243286
3.8700000000000069929e-06,0.0012394305085763335228,-0.0011475007049739360809
3.9000000000000067057e-06,0.00085877039236947894096,-0.00096136011416092514992
3.9300000000000064184e-06,0.00082385784480720758438,-0.00053775205742567777634
3.9600000000000061312e-06,0.0011616249103099107742,-0.00029095346690155565739
3.990000000000005844e-06,0.0014557314570993185043,-0.00042087800102308392525
4.0200000000000055567e-06,0.00104782904963940382,-0.00061668298440054059029
4.0500000000000052695e-06,-0.00018219454796053469181,-0.00038503896212205290794
4.0800000000000049823e-06,-0.0012775158975273370743,0.00023958513338584452868
4.110000000000004695e-06,-0.0012660950887948274612,0.00072417984483763575554
4.1400000000000044078e-06,-0.00014751861453987658024,0.00059352302923798561096
4.1700000000000041206e-06,0.0011602891609072685242,-0.00012230340507812798023
4.2000000000000038333e-06,0.0014434764161705970764,-0.00079249340342357754707
4.2300000000000035461e-06,0.00049296615179628133774,-0.00082015834050253033638
4.2600000000000032589e-06,-0.00097812758758664131165,-4.1815477743512019515e-05
4.2900000000000029717e-06,-0.0015552920522168278694,0.00082524435129016637802
4.3200000000000026844e-06,-0.00077543000224977731705,0.00098651077132672071457
4.3500000000000023972e-06,0.00065590796293690800667,0.00022954907035455107689
4.38000000000000211e-06,0.0014021630631759762764,-0.00072583020664751529694
4.4100000000000018227e-06,0.00092924945056438446045,-0.0010305189061909914017
4.4400000000000015355e-06,-0.00030005053849890828133,-0.00040629802970215678215
4.4700000000000012483e-06,-0.001189344446174800396,0.0005857212236151099205
4.500000000000000961e-06,-0.0011536506935954093933,0.001114795217290520668
4.5300000000000006738e-06,-0.00082591659156605601311,0.00097635900601744651794
4.5600000000000003866e-06,-0.00079471396747976541519,0.00052335637155920267105
4.5900000000000000993e-06,-0.0010810919338837265968,0.0002328983391635119915
4.6199999999999998121e-06,-0.0010330170625820755959,0.00019220053218305110931
4.6499999999999995249e-06,-0.00020977488020434975624,0.00015041562437545508146
4.6799999999999992376e-06,0.00087582750711590051651,-5.0778842705767601728e-05
4.7099999999999989504e-06,0.0015398650430142879486,-0.00042305234819650650024
4.7399999999999986632e-06,0.0016303323209285736084,-0.00089971808483824133873
4.769999999999998376e-06,0.0012718047946691513062,-0.0011910808971151709557
4.7999999999999980887e-06,0.00083354290109127759933,-0.0010104015236720442772
4.8299999999999978015e-06,0.0007635080837644636631,-0.00054014974739402532578
4.8599999999999975143e-06,0.0011438023066148161888,-0.00024044961901381611824
4.889999999999997227e-06,0.0016010187100619077682,-0.00042067666072398424149
4.9199999999999969398e-06,0.0016763090388849377632,-0.00091700261691585183144
4.9499999999999966526e-06,0.0012729315785691142082,-0.0012247450649738311768
4.9799999999999963653e-06,0.00077287515159696340561,-0.0010433888528496026993
5.0099999999999960781e-06,0.00070844078436493873596,-0.00050680205458775162697
5.0399999999999957909e-06,0.0011610067449510097504,-0.0001906537800095975399
5.0699999999999955036e-06,0.0016225797589868307114,-0.00041252275696024298668
5.0999999999999952164e-06,0.0015572564443573355675,-0.00088644877541810274124
5.1299999999999949292e-06,0.00050808954983949661255,-0.00085853098426014184952
5.159999999999994642e-06,-0.00090409762924537062645,-7.7216245699673891068e-05
5.1899999999999943547e-06,-0.0014461746904999017715,0.00077079632319509983063
5.2199999999999940675e-06,-0.00073783559491857886314,0.00094692618586122989655
5.2499999999999937803e-06,0.00057963759172707796097,0.00025556224863976240158
5.279999999999993493e-06,0.0013252770295366644859,-0.0006796290399506688118
5.3099999999999932058e-06,0.00093538046348839998245,-0.0010236877715215086937
5.3399999999999929186e-06,-0.00022542709484696388245,-0.00046070537064224481583
5.3699999999999926313e-06,-0.0011345396051183342934,0.00052094634156674146652
5.3999999999999923441e-06,-0.0010304722236469388008,0.001048855949193239212
5.4299999999999920569e-06,-7.8402867075055837631e-05,0.00063994282390922307968
5.4599999999999917696e-06,0.00089122110512107610703,-0.0003557651652954518795
5.4899999999999914824e-06,0.0011332711437717080116,-0.0010769413784146308899
5.5199999999999911952e-06,0.00080474582500755786896,-0.0010350650409236550331
5.5499999999999909079e-06,0.00073120527667924761772,-0.0005455854698084294796
5.5799999999999906207e-06,0.0011195270344614982605,-0.0002035076176980510354
5.6099999999999903335e-06,0.001614193781279027462,-0.00038216571556404232979
5.6399999999999900463e-06,0.0017143179429695010185,-0.00091553328093141317368
5.669999999999989759e-06,0.0013007031520828604698,-0.0012712896568700671196
5.6999999999999894718e-06,0.00077294744551181793213,-0.001088637160137295723
5.7299999999999891846e-06,0.00066735630389302968979,-0.00051523296860978007317
5.7599999999999888973e-06,0.0011277478188276290894,-0.00015644944505766034126
5.7899999999999886101e-06,0.0016495366580784320831,-0.00038254150422289967537
5.8199999999999883229e-06,0.0017105028964579105377,-0.00094081956194713711739
5.8499999999999880356e-06,0.0012715974589809775352,-0.0012481937883421778679
5.8799999999999877484e-06,0.00078359642066061496735,-0.0010434387950226664543
5.9099999999999874612e-06,0.00073426123708486557007,-0.00053554907208308577538
5.9399999999999871739e-06,0.0011393349850550293922,-0.00021318224025890231133
5.9699999999999868867e-06,0.0016073693986982107162,-0.0004076067416463047266
5.9999999999999865995e-06,0.001687376759946346283,-0.00090746401110664010048
6.0299999999999863122e-06,0.00129160354845225811,-0.0012273892061784863472
6.059999999999986025e-06,0.00081090733874589204788,-0.001049465034157037735
6.0899999999999857378e-06,0.00065559998620301485062,-0.00051609042566269636154
6.1199999999999854506e-06,0.00064942671451717615128,1.6892881831154227257e-05
6.1499999999999851633e-06,0.00030390647589229047298,0.00031628325814381241798
6.1799999999999848761e-06,-0.00038422903162427246571,0.00030196111765690147877
6.2099999999999845889e-06,-0.0010702670551836490631,0.0001729924551909789443
6.2399999999999843016e-06,-0.0016037017339840531349,0.00036213989369571208954
6.2699999999999840144e-06,-0.0017221596790477633476,0.0008956126985140144825
6.2999999999999837272e-06,-0.0013081289362162351608,0.0012638057814911007881
6.3299999999999834399e-06,-0.00078482634853571653366,0.0010912747820839285851
6.3599999999999831527e-06,-0.00065938028274103999138,0.00053298962302505970001
6.3899999999999828655e-06,-0.0010932557052001357079,0.0001445181405870243907
6.4199999999999825782e-06,-0.0016642308328300714493,0.00032043718965724110603
6.449999999999982291e-06,-0.0017756294691935181618,0.00091935682576149702072
6.4799999999999820038e-06,-0.0013206636067479848862,0.0013092389563098549843
6.5099999999999817165e-06,-0.00076005246955901384354,0.0011095426743850111961
6.5399999999999814293e-06,-0.00066155631793662905693,0.00052775850053876638412
6.5699999999999811421e-06,-0.0011031555477529764175,0.00015491133672185242176
6.5999999999999808549e-06,-0.0016292387153953313828,0.00035749684320762753487
6.6299999999999805676e-06,-0.0017310309922322630882,0.00089764466974884271622
6.6599999999999802804e-06,-0.0013099724892526865005,0.0012526853242889046669
6.6899999999999799932e-06,-0.00074898707680404186249,0.001054324442520737648
6.7199999999999797059e-06,-0.0002596064878161996603,0.00033137231366708874702
6.7499999999999794187e-06,0.00018181055202148854733,-0.00049045140622183680534
6.7799999999999791315e-06,0.00042458175448700785637,-0.00080060126492753624916
6.8099999999999788442e-06,0.0003838199772872030735,-0.00040136693860404193401
6.839999999999978557e-06,0.00012084774789400398731,0.00029355165315791964531
6.8699999999999782698e-06,-0.00023784622317180037498,0.00067676638718694448471
6.8999999999999779825e-06,-0.00058939808513969182968,0.00049524917267262935638
6.9299999999999776953e-06,-0.0010682548163458704948,0.00016902472998481243849
6.9599999999999774081e-06,-0.0016126082045957446098,0.00032146080047823488712
6.9899999999999771208e-06,-0.0017577550606802105904,0.00088294548913836479187
7.0199999999999768336e-06,-0.0013482603244483470917,0.0012942329049110412598
7.0499999999999765464e-06,-0.00076423899736255407333,0.0011443007970228791237
7.0799999999999762592e-06,-0.00061409908812493085861,0.00055469758808612823486
7.1099999999999759719e-06,-0.0010657140519469976425,0.000118292664410546422
7.1399999999999756847e-06,-0.0016796357231214642525,0.00028452929109334945679
7.1699999999999753975e-06,-0.0018248916603624820709,0.00090314098633825778961
7.1999999999999751102e-06,-0.0013512502191588282585,0.0013307135086506605148
7.229999999999974823e-06,-0.00075847288826480507851,0.0011521424166858196259
7.2599999999999745358e-06,-0.00062638806411996483803,0.00054667034419253468513
7.2899999999999742485e-06,-0.001027371501550078392,0.00012544885976240038872
7.3199999999999739613e-06,-0.0012475684052333235741,0.0001319761649938300252
7.3499999999999736741e-06,-0.00050624867435544729233,0.00022730909404344856739
7.3799999999999733868e-06,0.00070910813519731163979,0.00013342467718757688999
7.4099999999999730996e-06,0.0015664671082049608231,-0.0002676106523722410202
7.4399999999999728124e-06,0.0017513881903141736984,-0.00087000033818185329437
7.4699999999999725252e-06,0.001341378665529191494,-0.0012620828347280621529
7.4999999999999722379e-06,0.00067768315784633159637,-0.001072251354344189167
7.5299999999999719507e-06,8.6810614448040723801e-06,-0.00027273898012936115265
7.5599999999999716635e-06,-0.00047834528959356248379,0.00065078458283096551895
7.5899999999999713762e-06,-0.00059527251869440078735,0.00097193563124164938927
7.619999999999971089e-06,-0.00061807897873222827911,0.00057618704158812761307
7.6499999999999708018e-06,-0.0010261702118441462517,0.00015574603457935154438
7.6799999999999705145e-06,-0.001617611967958509922,0.00027629919350147247314
7.7099999999999702273e-06,-0.0018042844021692872047,0.00084811681881546974182
7.7399999999999699401e-06,-0.0013887650566175580025,0.0013122302480041980743
7.7699999999999696528e-06,-0.00078146316809579730034,0.001191426767036318779
7.7999999999999693656e-06,-0.00057025515707209706306,0.00057513354113325476646
7.8299999999999690784e-06,-0.0010143909603357315063,7.9862627899274230003e-05
7.8599999999999687911e-06,-0.0016748590860515832901,0.00022179140069056302309
7.8899999999999685039e-06,-0.0018317298963665962219,0.00088739139027893543243
7.9199999999999682167e-06,-0.0010708201443776488304,0.0012085484340786933899
7.9499999999999679295e-06,0.00045976729597896337509,0.0005412176833488047123
7.9799999999999676422e-06,0.001453706761822104454,-0.0006021747831255197525
8.009999999999967355e-06,0.0011232873657718300819,-0.0011981145944446325302
8.0399999999999670678e-06,-0.00012948969379067420959,-0.0007060227799229323864
8.0699999999999667805e-06,-0.001186640467494726181,0.00042789889266714453697
8.0999999999999664933e-06,-0.0011499332031235098839,0.001157385529950261116
8.1299999999999662061e-06,-0.00017018133075907826424,0.00084309553494676947594
8.1599999999999659188e-06,0.00087360566249117255211,-0.00022984913084656000137
8.1899999999999656316e-06,0.0010929855052381753922,-0.0010811137035489082336
8.2199999999999653444e-06,0.00039921182906255125999,-0.0009556525619700551033
8.2499999999999650571e-06,-0.00055565987713634967804,2.592161763459444046e-05
8.2799999999999647699e-06,-0.00098522123880684375763,0.00097791606094688177109
8.3099999999999644827e-06,-0.000759428367018699646,0.0011246229987591505051
8.3399999999999641954e-06,-0.00060139287961646914482,0.00059866928495466709137
8.3699999999999639082e-06,-0.0010095164179801940918,0.00013366753410082310438
8.399999999999963621e-06,-0.0016291035572066903114,0.00024688759003765881062
8.4299999999999633338e-06,-0.0018487279303371906281,0.00084182014688849449158
8.4599999999999630465e-06,-0.0014328953111544251442,0.0013426386285573244095
8.4899999999999627593e-06,-0.0007376327994279563427,0.0012173355789855122566
8.5199999999999624721e-06,-0.00023156224051490426064,0.00045731128193438053131
8.5499999999999621848e-06,0.00016998859064187854528,-0.000529740180354565382
8.5799999999999618976e-06,0.00039731734432280063629,-0.00099759118165820837021
8.6099999999999616104e-06,0.00047543589607812464237,-0.00054098374675959348679
8.6399999999999613231e-06,0.00099686137400567531586,-5.1671784603968262672e-05
8.6699999999999610359e-06,0.0016638117376714944839,-0.00020897886133752763271
8.6999999999999607487e-06,0.0018640497000887989998,-0.0008699265308678150177
8.7299999999999604614e-06,0.0014119520783424377441,-0.0013524518581107258797
8.7599999999999601742e-06,0.0007711764192208647728,-0.0012028291821479797363
8.789999999999959887e-06,0.00057708623353391885757,-0.00059015559963881969452
8.8199999999999595997e-06,0.0010058935731649398804,-0.00012030167272314429283
8.8499999999999593125e-06,0.0016224927967414259911,-0.00024917110567912459373
8.8799999999999590253e-06,0.0018065741751343011856,-0.00083269178867340087891
8.9099999999999587381e-06,0.0012106384383514523506,-0.0012265586992725729942
8.9399999999999584508e-06,-3.8686033803969621658e-05,-0.00078497285721823573112
8.9699999999999581636e-06,-0.0011356191243976354599,0.00033210453693754971027
8.9999999999999578764e-06,-0.0012888611527159810066,0.0012013480300083756447
9.0299999999999575891e-06,-0.00079132744576781988144,0.0012076400453224778175
9.0599999999999573019e-06,-0.00056669372133910655975,0.00061053707031533122063
9.0899999999999570147e-06,-0.00091876980150118470192,8.6960993940010666847e-05
9.1199999999999567274e-06,-0.0012980687897652387619,4.811480539501644671e-05
9.1499999999999564402e-06,-0.00078142178244888782501,0.00024943213793449103832
9.179999999999956153e-06,0.00052426621550694108009,0.00024952818057499825954
9.2099999999999558657e-06,0.0014487217413261532784,-5.3693991503678262234e-05
9.2399999999999555785e-06,0.0011597856646403670311,-0.00044144349521957337856
9.2699999999999552913e-06,-0.00030645393417216837406,-0.00043416672269813716412
9.299999999999955004e-06,-0.0016042133793234825134,6.0798047343268990517e-05
9.3299999999999547168e-06,-0.0019238451495766639709,0.00082368322182446718216
9.3599999999999544296e-06,-0.0014682983746752142906,0.0014058795059099793434
9.3899999999999541424e-06,-0.00074168387800455093384,0.0012770175235345959663
9.4199999999999538551e-06,-0.0005013053305447101593,0.00059519935166463255882
9.4499999999999535679e-06,-0.00096668757032603025436,6.9880799856036901474e-05
9.4799999999999532807e-06,-0.0016290234634652733803,0.00018866179743781685829
9.5099999999999529934e-06,-0.0017081281403079628944,0.00075006723636761307716
9.5399999999999527062e-06,-0.00064806069713085889816,0.00093951972667127847672
9.569999999999952419e-06,0.00090836622985079884529,0.00030886748572811484337
9.5999999999999521317e-06,0.0016265900339931249619,-0.00064715149346739053726
9.6299999999999518445e-06,0.00090889458078891038895,-0.0010627538431435823441
9.6599999999999515573e-06,-0.00059696508105844259262,-0.00049909792141988873482
9.68999999999995127e-06,-0.0015403279103338718414,0.00056985486298799514771
9.7199999999999509828e-06,-0.0011041196994483470917,0.0011537823593243956566
9.7499999999999506956e-06,0.00027605626382865011692,0.00069456460187211632729
9.7799999999999504083e-06,0.001411141594871878624,-0.00044410105329006910324
9.8099999999999501211e-06,0.001429134514182806015,-0.0013015841832384467125
9.8399999999999498339e-06,0.00077902863267809152603,-0.0012890303041785955429
9.8699999999999495467e-06,0.00047833105782046914101,-0.00064537127036601305008
9.8999999999999492594e-06,0.00082054344238713383675,-2.4849105102475732565e-05
9.9299999999999489722e-06,0.0011863192776218056679,0.00011135895329061895609
9.959999999999948685e-06,0.00057043595006689429283,-6.5521991928108036518e-05
9.9899999999999483977e-06,-0.00066809670533984899521,-0.00018416214152239263058
1.0019999999999948111e-05,-0.0016480077756568789482,5.7532932260073721409e-05
1.0049999999999947823e-05,-0.0019812264945358037949,0.00079673790605738759041
1.0079999999999947536e-05,-0.0015034645330160856247,0.0014085844159126281738
1.0109999999999947249e-05,-0.00064647017279639840126,0.0012507935753092169762
1.0139999999999946962e-05,0.00026708841323852539063,0.00026250001974403858185
1.0169999999999946674e-05,0.0007898987969383597374,-0.00086754863150417804718
1.0199999999999946387e-05,0.00063477625371888279915,-0.0011659619631245732307
1.02299999999999461e-05,0.00048156297998502850533,-0.00063282257178798317909
1.0259999999999945813e-05,0.00090765114873647689819,-7.8326469520106911659e-05
1.0289999999999945525e-05,0.0016042432980611920357,-0.00014453839685302227736
1.0319999999999945238e-05,0.0018994926940649747849,-0.0007722197333350777626
1.0349999999999944951e-05,0.0015126781072467565536,-0.0013395949499681591988
1.0379999999999944664e-05,0.00081807712558656930923,-0.0012896981788799166679
1.0409999999999944376e-05,0.00035084059345535933971,-0.00059975771000608801842
1.0439999999999944089e-05,0.00014544367149937897921,0.00028264822321943938732
1.0469999999999943802e-05,-4.7902154619805514812e-05,0.00076392904156818985939
1.0499999999999943515e-05,-0.00025359779829159379005,0.00051903567509725689888
1.0529999999999943228e-05,-0.00038941876846365630627,-0.00016416150901932269335
1.055999999999994294e-05,-0.00027084289467893540859,-0.00062800268642604351044
1.0589999999999942653e-05,0.0001431451819371432066,-0.00046555715380236506462
1.0619999999999942366e-05,0.00057319970801472663879,9.156821761280298233e-05
1.0649999999999942079e-05,0.00060930778272449970245,0.00044555033673532307148
1.0679999999999941791e-05,1.6083147784229367971e-05,0.00034537041210569441319
1.0709999999999941504e-05,-0.00069556984817609190941,-7.0914734351390507072e-06
1.0739999999999941217e-05,-0.00087826093658804893494,-0.0002127633197233080864
1.076999999999994093e-05,-0.0001580897369422018528,-0.0002297958708368241787
1.0799999999999940642e-05,0.00069334992440417408943,-0.00014221968012861907482
1.0829999999999940355e-05,0.00090307072969153523445,-3.7170961149968206882e-05
1.0859999999999940068e-05,0.00025840802118182182312,0.00015419712872244417667
1.0889999999999939781e-05,-0.00057155021931976079941,0.00031456956639885902405
1.0919999999999939494e-05,-0.0010583518305793404579,0.00035571726039052009583
1.0949999999999939206e-05,-0.0013508560368791222572,0.00042151191155426204205
1.0979999999999938919e-05,-0.0015200420748442411423,0.00060458132065832614899
1.1009999999999938632e-05,-0.0013909603003412485123,0.00084427988622337579727
1.1039999999999938345e-05,-0.00056698656408116221428,0.00078837876208126544952
1.1069999999999938057e-05,0.0007256129174493253231,0.00020844655227847397327
1.109999999999993777e-05,0.0015514924889430403709,-0.00062018510652706027031
1.1129999999999937483e-05,0.0014685394708067178726,-0.0012162945931777358055
1.1159999999999937196e-05,0.00091315159806981682777,-0.0012817176757380366325
1.1189999999999936908e-05,0.00053319812286645174026,-0.00080080976476892828941
1.1219999999999936621e-05,0.0007579642697237432003,-0.0001566096616443246603
1.1249999999999936334e-05,0.001460211118683218956,3.7366698961704969406e-06
1.1279999999999936047e-05,0.0019960766658186912537,-0.00055666011758148670197
1.130999999999993576e-05,0.0017898872029036283493,-0.0013370221713557839394
1.1339999999999935472e-05,0.0009792660130187869072,-0.0015683006495237350464
1.1369999999999935185e-05,0.00034578947816044092178,-0.00095370458438992500305
1.1399999999999934898e-05,0.00054883817210793495178,-6.5992491727229207754e-05
1.1429999999999934611e-05,0.0014483891427516937256,0.00019772398809436708689
1.1459999999999934323e-05,0.0021235905587673187256,-0.00049214012688025832176
1.1489999999999934036e-05,0.0018313146429136395454,-0.0013843193883076310158
1.1519999999999933749e-05,0.00076849688775837421417,-0.0014876642962917685509
1.1549999999999933462e-05,-0.00060951820341870188713,-0.0004353600088506937027
1.1579999999999933174e-05,-0.0012489024084061384201,0.00093909748829901218414
1.1609999999999932887e-05,-0.00075252656824886798859,0.0013704128796234726906
1.16399999999999326e-05,0.0002581416047178208828,0.00054927507881075143814
1.1669999999999932313e-05,0.00091152254026383161545,-0.00071904691867530345917
1.1699999999999932026e-05,0.00071507401298731565475,-0.0012503615580499172211
1.1729999999999931738e-05,1.859484473243355751e-05,-0.00063747668173164129257
1.1759999999999931451e-05,-0.00056413153652101755142,0.0005004091653972864151
1.1789999999999931164e-05,-0.00060330622363835573196,0.0011206264607608318329
1.1819999999999930877e-05,-0.00020350448903627693653,0.00070365518331527709961
1.1849999999999930589e-05,0.00022540728969033807516,-0.00030260387575253844261
1.1879999999999930302e-05,0.00040603149682283401489,-0.00097261095652356743813
1.1909999999999930015e-05,0.00040475363493897020817,-0.00079701608046889305115
1.1939999999999929728e-05,0.00069527915911749005318,-0.00018612074200063943863
1.196999999999992944e-05,0.0014167579356580972672,-2.1097766875755041838e-05
1.1999999999999929153e-05,0.0019238891545683145523,-0.00056270032655447721481
1.2029999999999928866e-05,0.0017191772349178791046,-0.0012857750989496707916
1.2059999999999928579e-05,0.00097840058151632547379,-0.0014548981562256813049
1.2089999999999928292e-05,0.00045192710240371525288,-0.00088305596727877855301
1.2119999999999928004e-05,0.00068143231328576803207,-0.00012856812099926173687
1.2149999999999927717e-05,0.001472165924496948719,5.0322090828558430076e-05
1.217999999999992743e-05,0.0020092099439352750778,-0.00057750602718442678452
1.2209999999999927143e-05,0.0017248621443286538124,-0.0013235337100923061371
1.2239999999999926855e-05,0.00095527851954102516174,-0.0014503255952149629593
1.2269999999999926568e-05,0.00047775774146430194378,-0.00086119404295459389687
1.2299999999999926281e-05,0.00073710165452212095261,-0.00016090908320620656013
1.2329999999999925994e-05,0.0014603550080209970474,-3.4751665225485339761e-05
1.2359999999999925706e-05,0.0019284677691757678986,-0.00059176440117880702019
1.2389999999999925419e-05,0.0016751677030697464943,-0.0012663457309827208519
1.2419999999999925132e-05,0.00097105343593284487724,-0.0013940713834017515182
1.2449999999999924845e-05,0.00051489472389221191406,-0.00085921271238476037979
1.2479999999999924558e-05,0.00072874687612056732178,-0.00019497994799166917801
1.250999999999992427e-05,0.0012947203358635306358,2.168744686059653759e-06
1.2539999999999923983e-05,0.001260434277355670929,-0.00025130261201411485672
1.2569999999999923696e-05,0.00017151329666376113892,-0.00042076184763573110104
1.2599999999999923409e-05,-0.0011965204030275344849,-0.00013415497960522770882
1.2629999999999923121e-05,-0.0018707026029005646706,0.00053576438222080469131
1.2659999999999922834e-05,-0.0016897044843062758446,0.0012254527537152171135
1.2689999999999922547e-05,-0.00099988444708287715912,0.0014081214321777224541
1.271999999999992226e-05,-0.00048968952614814043045,0.00089856924023479223251
1.2749999999999921972e-05,-0.00068998459028080105782,0.00018387775344308465719
1.2779999999999921685e-05,-0.0014248192310333251953,-1.6956604667939245701e-05
1.2809999999999921398e-05,-0.0019603327382355928421,0.00053672888316214084625
1.2839999999999921111e-05,-0.0017502228729426860809,0.0012994655407965183258
1.2869999999999920824e-05,-0.00097759673371911048889,0.00149201985914260149
1.2899999999999920536e-05,-0.00043950189137831330299,0.0008889371529221534729
1.2929999999999920249e-05,-0.00069323676871135830879,0.000146284524817019701
1.2959999999999919962e-05,-0.0014370065182447433472,1.1091717169620096684e-05
1.2989999999999919675e-05,-0.0019354558316990733147,0.0005820795777253806591
1.3019999999999919387e-05,-0.0016961654182523488998,0.0012718485668301582336
1.30499999999999191e-05,-0.00098986132070422172546,0.0014093773206695914268
1.3079999999999918813e-05,-0.00051632180111482739449,0.00085902155842632055283
1.3109999999999918526e-05,-0.00064187898533418774605,0.00015344846178777515888
1.3139999999999918238e-05,-0.00080385262845084071159,-0.00023557338863611221313
1.3169999999999917951e-05,-0.00038006072281859815121,-0.00023386345128528773785
1.3199999999999917664e-05,0.00044850859558209776878,-8.8886445155367255211e-06
1.3229999999999917377e-05,0.00099601387046277523041,0.00013794357073493301868
1.325999999999991709e-05,0.00069221179001033306122,6.1805149016436189413e-05
1.3289999999999916802e-05,-0.00031745864544063806534,-8.3699327660724520683e-05
1.3319999999999916515e-05,-0.0013360329903662204742,1.2476797564886510372e-05
1.3349999999999916228e-05,-0.0018677520565688610077,0.0005475581856444478035
1.3379999999999915941e-05,-0.0017008008435368537903,0.0012201161589473485947
1.3409999999999915653e-05,-0.0010169035522267222404,0.0014056597137823700905
1.3439999999999915366e-05,-0.00052078295266255736351,0.00090497953351587057114
1.3469999999999915079e-05,-0.00069882383104413747787,0.00020507881708908826113
1.3499999999999914792e-05,-0.0014044778654351830482,1.1998032277915626764e-05
1.3529999999999914504e-05,-0.0019451592816039919853,0.00053717941045761108398
1.3559999999999914217e-05,-0.0017398076597601175308,0.0012733457842841744423
1.358999999999991393e-05,-0.001001920551061630249,0.0014622693415731191635
1.3619999999999913643e-05,-0.00046985299559310078621,0.00090022350195795297623
1.3649999999999913356e-05,-0.00069625151809304952621,0.00018333073239773511887
1.3679999999999913068e-05,-0.0014235295820981264114,2.5934663426596671343e-05
1.3709999999999912781e-05,-0.0018379759276285767555,0.00052768591558560729027
1.3739999999999912494e-05,-0.0011427687713876366615,0.00096949946600943803787
1.3769999999999912207e-05,0.00047387700760737061501,0.00059215270448476076126
1.3799999999999911919e-05,0.0016249818727374076843,-0.00036565959453582763672
1.3829999999999911632e-05,0.0016347749624401330948,-0.0011832818854600191116
1.3859999999999911345e-05,0.0010126276174560189247,-0.0013638359960168600082
1.3889999999999911058e-05,0.0005390565493144094944,-0.00088114710524678230286
1.391999999999991077e-05,0.00054192694369703531265,-0.00016163164400495588779
1.3949999999999910483e-05,0.00055871828226372599602,0.00033596236607991158962
1.3979999999999910196e-05,0.00013026990927755832672,0.00039614911656826734543
1.4009999999999909909e-05,-0.00060065207071602344513,0.00014182706945575773716
1.4039999999999909622e-05,-0.0013585130218416452408,6.8189190642442554235e-05
1.4069999999999909334e-05,-0.0018498575082048773766,0.00054149201605468988419
1.4099999999999909047e-05,-0.001690846635028719902,0.0012008895864710211754
1.412999999999990876e-05,-0.0010476256720721721649,0.0013799587031826376915
1.4159999999999908473e-05,-0.00053612509509548544884,0.00090963370166718959808
1.4189999999999908185e-05,-0.00069592916406691074371,0.00023346353555098176003
1.4219999999999907898e-05,-0.0013855103170499205589,3.0477764084935188293e-05
1.4249999999999907611e-05,-0.0019164849072694778442,0.00053597666556015610695
1.4279999999999907324e-05,-0.0017294358694925904274,0.0012549611274152994156
1.4309999999999907036e-05,-0.00096256803954020142555,0.0014372511068359017372
1.4339999999999906749e-05,-2.4876033421605825424e-05,0.00068581674713641405106
1.4369999999999906462e-05,0.00073641160270199179649,-0.00056835031136870384216
1.4399999999999906175e-05,0.00074104056693613529205,-0.0011938131647184491158
1.4429999999999905888e-05,0.0002172100357711315155,-0.00071612658211961388588
1.44599999999999056e-05,-0.00036556328996084630489,0.00034235988277941942215
1.4489999999999905313e-05,-0.00055037729907780885696,0.0010277545079588890076
1.4519999999999905026e-05,-0.00032522209221497178078,0.00073709536809474229813
1.4549999999999904739e-05,4.212067869957536459e-05,-0.00016414362471550703049
1.4579999999999904451e-05,0.00030875191441737115383,-0.0008380989893339574337
1.4609999999999904164e-05,0.00034375043469481170177,-0.000717928342055529356
1.4639999999999903877e-05,0.00021868912153877317905,8.6210784502327442169e-06
1.466999999999990359e-05,-1.0577423381619155407e-05,0.00064017775002866983414
1.4699999999999903302e-05,-0.00029814962181262671947,0.00065417349105700850487
1.4729999999999903015e-05,-0.00072395853931084275246,0.00024380204558838158846
1.4759999999999902728e-05,-0.0013742538867518305779,0.00010095932520925998688
1.4789999999999902441e-05,-0.0018393350765109062195,0.00055108522064983844757
1.4819999999999902154e-05,-0.0016725563909858465195,0.001177393132820725441
1.4849999999999901866e-05,-0.0010375168640166521072,0.0013647860614582896233
1.4879999999999901579e-05,-0.00055123772472143173218,0.00089889374794438481331
1.4909999999999901292e-05,-0.0006481838645413517952,0.00018515692499931901693
1.4939999999999901005e-05,-0.00093788508092984557152,-0.0001819084573071449995
1.4969999999999900717e-05,-0.00050596037181094288826,-0.00018460332648828625679
1.499999999999990043e-05,0.00048204037011601030827,-2.8531972930068150163e-05
1.5029999999999900143e-05,0.0013781698653474450111,-9.3901144282426685095e-07
1.5059999999999899856e-05,0.0019002528861165046692,-0.00053622829727828502655
1.5089999999999899568e-05,0.0016954919556155800819,-0.0012327590957283973694
1.5119999999999899281e-05,0.0010234152432531118393,-0.001373885665088891983
1.5149999999999898994e-05,0.00056173861958086490631,-0.00088417553342878818512
1.5179999999999898707e-05,0.00076032336801290512085,-0.00025106803514063358307
1.520999999999989842e-05,0.0013919447083026170731,-0.00010263931471854448318
1.5239999999999898132e-05,0.0018336485372856259346,-0.00057182996533811092377
1.5269999999999899539e-05,0.0016494925366714596748,-0.0011770781129598617554
1.5299999999999900946e-05,0.001004431629553437233,-0.00131815299391746521
1.5329999999999902353e-05,0.00030178931774571537971,-0.00074043305357918143272
1.535999999999990376e-05,-0.00027328118449077010155,0.00026224317844025790691
1.5389999999999905166e-05,-0.00053353520343080163002,0.00094564340543001890182
1.5419999999999906573e-05,-0.00052965449867770075798,0.00081814941950142383575
1.544999999999990798e-05,-0.00075493566691875457764,0.00027748281718231737614
1.5479999999999909387e-05,-0.0013532330049201846123,0.00010602553084027022123
1.5509999999999910794e-05,-0.0017310112016275525093,0.00050808169180527329445
1.5539999999999912201e-05,-0.0012156921438872814178,0.00094878638628870248795
1.5569999999999913607e-05,0.00026858094497583806515,0.00066146987956017255783
1.5599999999999915014e-05,0.0015443810261785984039,-0.00029243712197057902813
1.5629999999999916421e-05,0.001429514959454536438,-0.001046228921040892601
1.5659999999999917828e-05,3.4283366403542459011e-05,-0.00088464538566768169403
1.5689999999999919235e-05,-0.0014221759047359228134,0.00017899407248478382826
1.5719999999999920642e-05,-0.001662215101532638073,0.0011723620118573307991
1.5749999999999922048e-05,-0.0010083822999149560928,0.0013915336458012461662
1.5779999999999923455e-05,-0.00053145550191402435303,0.0008875062922015786171
1.5809999999999924862e-05,-0.00075285340426489710808,0.00023172533838078379631
1.5839999999999926269e-05,-0.001398397260345518589,8.4397070168051868677e-05
1.5869999999999927676e-05,-0.0018404368311166763306,0.00057231623213738203049
1.5899999999999929083e-05,-0.0016262608114629983902,0.0011829514987766742706
1.5929999999999930489e-05,-0.00077212433097884058952,0.0012116704601794481277
1.5959999999999931896e-05,0.00041121250251308083534,0.00035107205621898174286
1.5989999999999933303e-05,0.001094217994250357151,-0.00077074026921764016151
1.601999999999993471e-05,0.00080359086859971284866,-0.0011719102039933204651
1.6049999999999936117e-05,-0.00010182365076616406441,-0.00051023153355345129967
1.6079999999999937524e-05,-0.00082568498328328132629,0.00058538519078865647316
1.610999999999993893e-05,-0.00079904438462108373642,0.0011188714997842907906
1.6139999999999940337e-05,-0.00015142824850045144558,0.00064241135260090231895
1.6169999999999941744e-05,0.00051994161913171410561,-0.00038859245250932872295
1.6199999999999943151e-05,0.00073030404746532440186,-0.001057767774909734726
1.6229999999999944558e-05,0.00057373027084395289421,-0.0008682943880558013916
1.6259999999999945965e-05,0.00074818619759753346443,-0.00028240436222404241562
1.6289999999999947371e-05,0.0013539430219680070877,-9.7854615887627005577e-05
1.6319999999999948778e-05,0.0017092478228732943535,-0.00049569283146411180496
1.6349999999999950185e-05,0.001048357691615819931,-0.00085962272714823484421
1.6379999999999951592e-05,-0.00057841837406158447266,-0.000504294584970921278
1.6409999999999952999e-05,-0.0017289284151047468185,0.00040932805859483778477
1.6439999999999954406e-05,-0.0016977090854197740555,0.0012059030123054981232
1.6469999999999955812e-05,-0.0010362641187384724617,0.0013816958526149392128
1.6499999999999957219e-05,-0.00053997721988707780838,0.00088435166981071233749
1.6529999999999958626e-05,-0.00054593727691099047661,0.00015655963215976953506
1.6559999999999960033e-05,-0.00041905586840584874153,-0.00039415503852069377899
1.658999999999996144e-05,6.2850944232195615768e-05,-0.0004881322092842310667
1.6619999999999962847e-05,0.00066490151220932602882,-0.00018874698434956371784
1.6649999999999964254e-05,0.0013499859487637877464,-0.00010902703070314601064
1.667999999999996566e-05,0.0017927781445905566216,-0.00055174191948026418686
1.6709999999999967067e-05,0.0016346618067473173141,-0.0011363482335582375526
1.6739999999999968474e-05,0.0010634094942361116409,-0.0013066201936453580856
1.6769999999999969881e-05,0.00064483168534934520721,-0.00089406082406640052795
1.6799999999999971288e-05,0.00075557298259809613228,-0.0003093547129537910223
1.6829999999999972695e-05,0.0010867173550650477409,-3.0345043342094868422e-05
1.6859999999999974101e-05,0.00083876471035182476044,-6.1340448155533522367e-05
1.6889999999999975508e-05,-0.00016746341134421527386,-0.00011824425018858164549
1.6919999999999976915e-05,-0.0011081378906965255737,-2.0114246581215411425e-05
1.6949999999999978322e-05,-0.0011373885208740830421,0.00020533610950224101543
1.6979999999999979729e-05,-0.00010263442527502775192,0.00029462130623869597912
1.7009999999999981136e-05,0.0011140635469928383827,6.0746911913156509399e-05
1.7039999999999982542e-05,0.0014278831658884882927,-0.00034026458160951733589
1.7069999999999983949e-05,0.00046389031922444701195,-0.00051228428492322564125
1.7099999999999985356e-05,-0.0010272330837324261665,-0.00016972371668089181185
1.7129999999999986763e-05,-0.0016651352634653449059,0.00042472878703847527504
1.715999999999998817e-05,-0.00081878952914848923683,0.00074566999683156609535
1.7189999999999989577e-05,0.00084381469059735536575,0.00034051065449602901936
1.7219999999999990983e-05,0.0016797897405922412872,-0.00043816780089400708675
1.724999999999999239e-05,0.0010598079534247517586,-0.0008676603902131319046
1.7279999999999993797e-05,-0.0005269179237075150013,-0.00047720081056468188763
1.7309999999999995204e-05,-0.001605960773304104805,0.00040133684524334967136
1.7339999999999996611e-05,-0.0016164198750630021095,0.0011205186601728200912
1.7369999999999998018e-05,-0.0010605688439682126045,0.0012931309174746274948
1.7399999999999999424e-05,-0.00061777088558301329613,0.00086010992527008056641
1.7430000000000000831e-05,-0.00056728662457317113876,0.00019538411288522183895
1.7460000000000002238e-05,-0.00043679002556018531322,-0.00032109068706631660461
1.7490000000000003645e-05,3.3629505196586251259e-05,-0.00043807009933516383171
1.7520000000000005052e-05,0.00067269091960042715073,-0.00021965372434351593256
1.7550000000000006459e-05,0.001331149018369615078,-0.00014752222341485321522
1.7580000000000007865e-05,0.0017559931147843599319,-0.00054543907754123210907
1.7610000000000009272e-05,0.0016311425715684890747,-0.0011117719113826751709
1.7640000000000010679e-05,0.0010846293298527598381,-0.0012963116168975830078
1.7670000000000012086e-05,0.00064416136592626571655,-0.00090414495207369327545
1.7700000000000013493e-05,0.00075470941374078392982,-0.00032349818502552807331
1.77300000000000149e-05,0.0013357041170820593834,-0.0001272294321097433567
1.7760000000000016306e-05,0.0018066668417304754257,-0.00052678195061162114143
1.7790000000000017713e-05,0.0016825746279209852219,-0.0011463166447356343269
1.782000000000001912e-05,0.0010637408122420310974,-0.0013544841203838586807
1.7850000000000020527e-05,0.0005761448410339653492,-0.00092665280681103467941
1.7880000000000021934e-05,0.00072430458385497331619,-0.00027639744803309440613
1.7910000000000023341e-05,0.0013338949065655469894,-7.4887968366965651512e-05
1.7940000000000024747e-05,0.0015173640567809343338,-0.00040323295979760587215
1.7970000000000026154e-05,0.00046175532042980194092,-0.00053298426792025566101
1.8000000000000027561e-05,-0.00096848106477409601212,-0.00016470928676426410675
1.8030000000000028968e-05,-0.0015400721458718180656,0.00041381391929462552071
1.8060000000000030375e-05,-0.00074908917304128408432,0.00068264873698353767395
1.8090000000000031782e-05,0.00072197883855551481247,0.00030380944372154772282
1.8120000000000033188e-05,0.0015454939566552639008,-0.00040387164335697889328
1.8150000000000034595e-05,0.0010227828752249479294,-0.00080903345951810479164
1.8180000000000036002e-05,-0.00040669034933671355247,-0.00047521290252916514874
1.8210000000000037409e-05,-0.0014563587028533220291,0.0003386094758752733469
1.8240000000000038816e-05,-0.0012190481647849082947,0.00089923868654295802116
1.8270000000000040223e-05,8.3217164501547813416e-05,0.00066420796792954206467
1.8300000000000041629e-05,0.0013267660979181528091,-0.00021936932171229273081
1.8330000000000043036e-05,0.0015821558190509676933,-0.0010541866067796945572
1.8360000000000044443e-05,0.001082240021787583828,-0.0012857216643169522285
1.839000000000004585e-05,0.00064388511236757040024,-0.00090536952484399080276
1.8420000000000047257e-05,0.00075679464498534798622,-0.0003337152884341776371
1.8450000000000048664e-05,0.0013329322682693600655,-0.00013846611545886844397
1.848000000000005007e-05,0.001783838844858109951,-0.00052788003813475370407
1.8510000000000051477e-05,0.0016601802781224250793,-0.0011436968343332409859
1.8540000000000052884e-05,0.0010766451014205813408,-0.0013452679850161075592
1.8570000000000054291e-05,0.00059446634259074926376,-0.00091904029250144958496
1.8600000000000055698e-05,0.00071867479709908366203,-0.00028279784601181745529
1.8630000000000057105e-05,0.0013487094547599554062,-9.3472161097452044487e-05
1.8660000000000058511e-05,0.0018101553432643413544,-0.00055470666848123073578
1.8690000000000059918e-05,0.001657825196161866188,-0.0011468203738331794739
1.8720000000000061325e-05,0.0010774335823953151703,-0.0013088335981592535973
1.8750000000000062732e-05,0.00064920890145003795624,-0.00088939897250384092331
1.8780000000000064139e-05,0.00079657620517536997795,-0.00031996920006349682808
1.8810000000000065546e-05,0.001350108184851706028,-0.00016403671179432421923
1.8840000000000066952e-05,0.0017483548726886510849,-0.00056409259559586644173
1.8870000000000068359e-05,0.001615213463082909584,-0.0011107840109616518021
1.8900000000000069766e-05,0.0010672644712030887604,-0.0012641212670132517815
1.8930000000000071173e-05,0.00049059814773499965668,-0.00079732364974915981293
1.896000000000007258e-05,-4.6641798689961433411e-07,7.561067468486726284e-05
1.8990000000000073987e-05,-0.0003706278512254357338,0.0007569839945062994957
1.9020000000000075393e-05,-0.00053887808462604880333,0.00076192209962755441666
1.90500000000000768e-05,-0.00078199541894719004631,0.00033061346039175987244
1.9080000000000078207e-05,-0.0013321709120646119118,0.00016396526189055293798
1.9110000000000079614e-05,-0.0017540638800710439682,0.00055051373783499002457
1.9140000000000081021e-05,-0.0016308892518281936646,0.0011150954524055123329
1.9170000000000082428e-05,-0.0010834628483280539513,0.0012946431525051593781
1.9200000000000083834e-05,-0.00063243869226425886154,0.00088857684750109910965
1.9230000000000085241e-05,-0.00076110748341307044029,0.00029537279624491930008
1.9260000000000086648e-05,-0.0013618927914649248123,0.00011728490062523633242
1.9290000000000088055e-05,-0.0018324020784348249435,0.00054184778127819299698
1.9320000000000089462e-05,-0.0016628818120807409286,0.0011666519567370414734
1.9350000000000090869e-05,-0.0010459659388288855553,0.0013285888126119971275
1.9380000000000092275e-05,-0.00061346864094957709312,0.00087634142255410552025
1.9410000000000093682e-05,-0.00078329729149118065834,0.00029018928762525320053
1.9440000000000095089e-05,-0.0013658378738909959793,0.00015939190052449703217
1.9470000000000096496e-05,-0.0017731809057295322418,0.00056950759608298540115
1.9500000000000097903e-05,-0.0016053108265623450279,0.0011093451175838708878
1.953000000000009931e-05,-0.00090926280245184898376,0.0012019190471619367599
1.9560000000000100716e-05,0.00012450845679268240929,0.00047790980897843837738
1.9590000000000102123e-05,0.00088396435603499412537,-0.00059329229407012462616
1.962000000000010353e-05,0.00083304679719731211662,-0.001089944387786090374
1.9650000000000104937e-05,0.00014573096996173262596,-0.00060882105026394128799
1.9680000000000106344e-05,-0.00057393393944948911667,0.00040106620872393250465
1.9710000000000107751e-05,-0.00079888914478942751884,0.0010338211432099342346
1.9740000000000109157e-05,-0.00065789942163974046707,0.00085369788575917482376
1.9770000000000110564e-05,-0.00079808826558291912079,0.00033824585261754691601
1.9800000000000111971e-05,-0.0013222075067460536957,0.00016734012751840054989
1.9830000000000113378e-05,-0.001736692734993994236,0.00053901202045381069183
1.9860000000000114785e-05,-0.001639098278246819973,0.0010991361923515796661
1.9890000000000116192e-05,-0.0010766607010737061501,0.0012878954876214265823
1.9920000000000117598e-05,-0.00063801172655075788498,0.00090248434571549296379
1.9950000000000119005e-05,-0.00075318850576877593994,0.00031498278258368372917
1.9980000000000120412e-05,-0.0013407524675130844116,0.00012896663974970579147
2.0010000000000121819e-05,-0.0018173974240198731422,0.0005435102502815425396
2.0040000000000123226e-05,-0.0016662699636071920395,0.0011604374740272760391
2.0070000000000124633e-05,-0.0010692552896216511726,0.0013184424024075269699
2.010000000000012604e-05,-0.00062574382172897458076,0.00088187726214528083801
2.0130000000000127446e-05,-0.00066175160463899374008,0.00025527534307911992073
2.0160000000000128853e-05,-0.00060512166237458586693,-0.00020049874729011207819
2.019000000000013026e-05,-6.102910265326499939e-05,-0.00034575897734612226486
2.0220000000000131667e-05,0.00064073374960571527481,-0.00018922530580312013626
2.0250000000000133074e-05,0.0013273385120555758476,-0.00016044100630097091198
2.0280000000000134481e-05,0.0017316498560830950737,-0.00056310126092284917831
2.0310000000000135887e-05,0.0015662873629480600357,-0.0010815517744049429893
2.0340000000000137294e-05,0.00078303477494046092033,-0.0011035543866455554962
2.0370000000000138701e-05,-0.00035061838570982217789,-0.00033078552223742008209
2.0400000000000140108e-05,-0.0010859523899853229523,0.00071414362173527479172
2.0430000000000141515e-05,-0.0010054598096758127213,0.0011814270401373505592
2.0460000000000142922e-05,-0.00068681465927511453629,0.00088025315199047327042
2.0490000000000144328e-05,-0.00081073376350104808807,0.00034630601294338703156
2.0520000000000145735e-05,-0.001334533211775124073,0.00017919747915584594011
2.0550000000000147142e-05,-0.0017495482461526989937,0.00055432075168937444687
2.0580000000000148549e-05,-0.0016180097591131925583,0.0011042859405279159546
2.0610000000000149956e-05,-0.0010767645435407757759,0.0012870647478848695755
2.0640000000000151363e-05,-0.00065141345839947462082,0.00090758618898689746857
2.0670000000000152769e-05,-0.00076877570245414972305,0.00032542122062295675278
2.0700000000000154176e-05,-0.0013386333594098687172,0.00013541981752496212721
2.0730000000000155583e-05,-0.0017256764695048332214,0.000517704058438539505
2.076000000000015699e-05,-0.00099484797101467847824,0.00083041889593005180359
2.0790000000000158397e-05,0.00060943362768739461899,0.0003975489526055753231
2.0820000000000159804e-05,0.0015897138509899377823,-0.0004210287297610193491
2.085000000000016121e-05,0.0011852334719151258469,-0.00089997646864503622055
2.0880000000000162617e-05,-0.00028379086870700120926,-0.00056349521037191152573
2.0910000000000164024e-05,-0.0014259614981710910797,0.00031379706342704594135
2.0940000000000165431e-05,-0.0013076240429654717445,0.00094431510660797357559
2.0970000000000166838e-05,-6.9546862505376338959e-05,0.00072643422754481434822
2.1000000000000168245e-05,0.0011772793950513005257,-0.0001651478232815861702
2.1030000000000169651e-05,0.0013659609248861670494,-0.0009324811398983001709
2.1060000000000171058e-05,0.00038402539212256669998,-0.00087377196177840232849
2.1090000000000172465e-05,-0.00089861790183931589127,4.550674930214881897e-07
2.1120000000000173872e-05,-0.0014152426738291978836,0.00093253259547054767609
2.1150000000000175279e-05,-0.0010853682179003953934,0.0012335022911429405212
2.1180000000000176686e-05,-0.00070479093119502067566,0.00089361704885959625244
2.1210000000000178092e-05,-0.00079830497270449995995,0.00036455481313169002533
2.1240000000000179499e-05,-0.0013092814479023218155,0.00018333902698941528797
2.1270000000000180906e-05,-0.0017381717916578054428,0.0005447996663860976696
2.1300000000000182313e-05,-0.0016210796311497688293,0.0010909886332228779793
2.133000000000018372e-05,-0.00097219599410891532898,0.0012251181760802865028
2.1360000000000185127e-05,-3.4066921216435730457e-05,0.00059889920521527528763
2.1390000000000186533e-05,0.00085439113900065422058,-0.00053004070650786161423
2.142000000000018794e-05,0.00095944199711084365845,-0.0011989853810518980026
2.1450000000000189347e-05,0.00059882749337702989578,-0.00090292072854936122894
2.1480000000000190754e-05,0.00075296300929039716721,-0.00030089681968092918396
2.1510000000000192161e-05,0.0013246207963675260544,-0.00013691224739886820316
2.1540000000000193568e-05,0.0017625484615564346313,-0.00056273140944540500641
2.1570000000000194974e-05,0.0016188613371923565865,-0.0011200085282325744629
2.1600000000000196381e-05,0.0010737495031207799911,-0.0012675252510234713554
2.1630000000000197788e-05,0.00068145757541060447693,-0.0008715977892279624939
2.1660000000000199195e-05,0.00081047497224062681198,-0.00034638779470697045326
2.1690000000000200602e-05,0.0013278643600642681122,-0.00019553698075469583273
2.1720000000000202009e-05,0.0016650632023811340332,-0.00053944822866469621658
2.1750000000000203415e-05,0.001168024260550737381,-0.00087442086078226566315
2.1780000000000204822e-05,-0.00016431114636361598969,-0.0005688983364962041378
2.1810000000000206229e-05,-0.0013355033006519079208,0.00027915299870073795319
2.1840000000000207636e-05,-0.0015496036503463983536,0.001031363033689558506
2.1870000000000209043e-05,-0.0010956551413983106613,0.0012327368604019284248
2.190000000000021045e-05,-0.00069262762553989887238,0.00087227136828005313873
2.1930000000000211856e-05,-0.00066909956512972712517,0.00029553519561886787415
2.1960000000000213263e-05,-0.00069271482061594724655,-0.00012471026275306940079
2.199000000000021467e-05,-0.00019557104678824543953,-0.00027998679433949291706
2.2020000000000216077e-05,0.00056308496277779340744,-0.00017414029571227729321
2.2050000000000217484e-05,0.000950247165746986866,3.3331627491861581802e-05
2.2080000000000218891e-05,0.00054020411334931850433,0.00010186537838308140635
2.2110000000000220297e-05,-0.00046206507249735295773,6.0001417296007275581e-05
2.2140000000000221704e-05,-0.0013162983814254403114,0.00010620271496009081602
2.2170000000000223111e-05,-0.001783253159373998642,0.0005421634996309876442
2.2200000000000224518e-05,-0.0016421674517914652824,0.0011433345498517155647
2.2230000000000225925e-05,-0.0010653898352757096291,0.0012954585254192352295
2.2260000000000227332e-05,-0.00066809786949306726456,0.00087677681585773825645
2.2290000000000228738e-05,-0.00080279074609279632568,0.00031965406378731131554
2.2320000000000230145e-05,-0.0013016443699598312378,0.0001544006809126585722
2.2350000000000231552e-05,-0.0013497105101123452187,0.00039289001142606139183
2.2380000000000232959e-05,-0.00034927838714793324471,0.00045348060666583478451
2.2410000000000234366e-05,0.00093811319675296545029,0.00010726327309384942055
2.2440000000000235773e-05,0.0014383649686351418495,-0.0004125636187382042408
2.2470000000000237179e-05,0.00067817117087543010712,-0.00061459071002900600433
2.2500000000000238586e-05,-0.00069862452801316976547,-0.00024640475749038159847
2.2530000000000239993e-05,-0.0014782919315621256828,0.0004048875125590711832
2.25600000000002414e-05,-0.00097328895935788750648,0.00075640814611688256264
2.2590000000000242807e-05,0.00040734370122663676739,0.00041979094385169446468
2.2620000000000244214e-05,0.0014972928911447525024,-0.00039079252746887505054
2.265000000000024562e-05,0.0015830965712666511536,-0.0010657672537490725517
2.2680000000000247027e-05,0.0010925795650109648705,-0.0012417593970894813538
2.2710000000000248434e-05,0.00065733661176636815071,-0.00086730148177593946457
2.2740000000000249841e-05,0.00058947352226823568344,-0.00024944622418843209743
2.2770000000000251248e-05,0.00048816503840498626232,0.00026210796204395592213
2.2800000000000252655e-05,-6.8322944571264088154e-05,0.00045947186299599707127
2.2830000000000254061e-05,-0.00069135933881625533104,0.00026056318893097341061
2.2860000000000255468e-05,-0.0013348162174224853516,0.00013762772141490131617
2.2890000000000256875e-05,-0.0017848061397671699524,0.00052497192518785595894
2.2920000000000258282e-05,-0.0016111813019961118698,0.0011202510213479399681
2.2950000000000259689e-05,-0.00075792160350829362869,0.0011529974872246384621
2.2980000000000261096e-05,0.0005452738259918987751,0.0002522388240322470665
2.3010000000000262502e-05,0.0012277223868295550346,-0.00081746082287281751633
2.3040000000000263909e-05,0.0010118755744770169258,-0.0012022644514217972755
2.3070000000000265316e-05,0.0006837323307991027832,-0.00086389924399554729462
2.3100000000000266723e-05,0.00081353681161999702454,-0.0003420102002564817667
2.313000000000026813e-05,0.0013200017856433987617,-0.00020505186694208532572
2.3160000000000269537e-05,0.001711691846139729023,-0.00057378376368433237076
2.3190000000000270943e-05,0.0015922939637675881386,-0.0010779455769807100296
2.322000000000027235e-05,0.0010473832953721284866,-0.0012121676700189709663
2.3250000000000273757e-05,0.00033671234268695116043,-0.00070692051667720079422
2.3280000000000275164e-05,-0.00033921442809514701366,0.00022366504708770662546
2.3310000000000276571e-05,-0.00065633316989988088608,0.00089249515440315008163
2.3340000000000277978e-05,-0.00044537414214573800564,0.0007358147413469851017
2.3370000000000279384e-05,2.4308770662173628807e-05,-5.9083715314045548439e-05
2.3400000000000280791e-05,0.00043561091297306120396,-0.00076345779234543442726
2.3430000000000282198e-05,0.00049951061373576521873,-0.00074884673813357949257
2.3460000000000283605e-05,0.00025342014851048588753,-7.8589699114672839642e-05
2.3490000000000285012e-05,-0.00014732169802300632,0.00061492039822041988373
2.3520000000000286419e-05,-0.00042766594560816884041,0.00070699705975130200386
2.3550000000000287825e-05,-0.00047092052409425377846,0.00017890939489006996155
2.3580000000000289232e-05,-0.00022037792950868606567,-0.00045118844718672335148
2.3610000000000290639e-05,0.00027551728999242186546,-0.00063248380320146679878
2.3640000000000292046e-05,0.00060506199952214956284,-0.00021177731105126440525
2.3670000000000293453e-05,0.00053046195534989237785,0.00026363646611571311951
2.370000000000029486e-05,-1.8771796021610498428e-05,0.00041473432793281972408
2.3730000000000296267e-05,-0.00067019485868513584137,0.00021655923046637326479
2.3760000000000297673e-05,-0.0013251693453639745712,0.00016681377019267529249
2.379000000000029908e-05,-0.0017132445937022566795,0.00056720862630754709244
2.3820000000000300487e-05,-0.0015484020113945007324,0.0010696987155824899673
2.3850000000000301894e-05,-0.00074760772986337542534,0.0010747704654932022095
2.3880000000000303301e-05,0.00043008200009353458881,0.00028087681857869029045
2.3910000000000304708e-05,0.0011407174170017242432,-0.00073378288652747869492
2.3940000000000306114e-05,0.001019685063511133194,-0.0011533526703715324402
2.3970000000000307521e-05,0.00070107728242874145508,-0.00086617388296872377396
2.4000000000000308928e-05,0.00082329765427857637405,-0.00037173499003984034061
2.4030000000000310335e-05,0.0013201306574046611786,-0.00020966466399841010571
2.4060000000000311742e-05,0.0017108662286773324013,-0.00056121562374755740166
2.4090000000000313149e-05,0.0016071329591795802116,-0.0010810663225129246712
2.4120000000000314555e-05,0.0011027882574126124382,-0.0012495710980147123337
2.4150000000000315962e-05,0.00068797700805589556694,-0.00089556584134697914124
2.4180000000000317369e-05,0.00080478162271901965141,-0.00035088291042484343052
2.4210000000000318776e-05,0.0013386198552325367928,-0.00016032429994083940983
2.4240000000000320183e-05,0.0017543734284117817879,-0.000537300831638276577
2.427000000000032159e-05,0.0016561502125114202499,-0.0011234256671741604805
2.4300000000000322996e-05,0.0010812709806486964226,-0.0013155461056157946587
2.4330000000000324403e-05,0.00059140758821740746498,-0.00086667120922356843948
2.436000000000032581e-05,0.00032250233925879001617,-9.4056711532175540924e-05
2.4390000000000327217e-05,-8.0882658949121832848e-05,0.00060613412642851471901
2.4420000000000328624e-05,-0.00038967118598520755768,0.00066006416454911231995
2.4450000000000330031e-05,-0.00048805549158714711666,0.00015192187856882810593
2.4480000000000331437e-05,-0.00024613281129859387875,-0.00039181983447633683681
2.4510000000000332844e-05,0.0002175450790673494339,-0.00051218218868598341942
2.4540000000000334251e-05,0.00060091167688369750977,-0.00019670935580506920815
2.4570000000000335658e-05,0.00056091893929988145828,0.00019225798314437270164
2.4600000000000337065e-05,3.6090466892346739769e-05,0.00034236288047395646572
2.4630000000000338472e-05,-0.00058647966943681240082,0.00018300783995073288679
2.4660000000000339878e-05,-0.00080080976476892828941,-6.3905747083481401205e-05
2.4690000000000341285e-05,-0.00033701895154081285,-0.00017510277393739670515
2.4720000000000342692e-05,0.00052629155106842517853,-0.00013624735584016889334
2.4750000000000344099e-05,0.0012907646596431732178,-0.00017218987341038882732
2.4780000000000345506e-05,0.0017071677139028906822,-0.00054286752128973603249
2.4810000000000346913e-05,0.0016090939752757549286,-0.0010746504412963986397
2.4840000000000348319e-05,0.0011038393713533878326,-0.0012636407045647501945
2.4870000000000349726e-05,0.00069129437906667590141,-0.0009109372040256857872
2.4900000000000351133e-05,0.00078578724060207605362,-0.00035412746365182101727
2.493000000000035254e-05,0.0013194393832236528397,-0.00016172068717423826456
2.4960000000000353947e-05,0.0017644871259108185768,-0.00053372693946585059166
2.4990000000000355354e-05,0.0016642383998259902,-0.0011187490308657288551
2.502000000000035676e-05,0.0010896521853283047676,-0.0013066718820482492447
2.5050000000000358167e-05,0.00064218102488666772842,-0.0008976141689345240593
2.5080000000000359574e-05,0.00077186792623251676559,-0.00032553117489442229271
2.5110000000000360981e-05,0.0013425645884126424789,-0.00015935863484628498554
2.5140000000000362388e-05,0.0017563280416652560234,-0.00056412687990814447403
2.5170000000000363795e-05,0.001608846709132194519,-0.0011071121552959084511
2.5200000000000365201e-05,0.0010753079550340771675,-0.0012592258863151073456
2.5230000000000366608e-05,0.00069047778379172086716,-0.00086134858429431915283
2.5260000000000368015e-05,0.00083236175123602151871,-0.00034388742642477154732
2.5290000000000369422e-05,0.0013400844763964414597,-0.00020519638201221823692
2.5320000000000370829e-05,0.0016831265529617667198,-0.00055370014160871505737
2.5350000000000372236e-05,0.0012969361850991845131,-0.00094812561292201280594
2.5380000000000373642e-05,6.2246632296591997147e-05,-0.00070576590951532125473
2.5410000000000375049e-05,-0.0011857360368594527245,0.00017810598365031182766
2.5440000000000376456e-05,-0.00151238276157528162,0.0010034019360318779945
2.5470000000000377863e-05,-0.0010800848249346017838,0.0012355906656011939049
2.550000000000037927e-05,-0.00069903035182505846024,0.00087770971003919839859
2.5530000000000380677e-05,-0.00081443891394883394241,0.00035168993053957819939
2.5560000000000382083e-05,-0.0013291322393342852592,0.00019214449275750666857
2.559000000000038349e-05,-0.0017427980201318860054,0.00055188557598739862442
2.5620000000000384897e-05,-0.0016241229604929685593,0.0011033474002033472061
2.5650000000000386304e-05,-0.0010745882755145430565,0.0012851362116634845734
2.5680000000000387711e-05,-0.00064094009576365351677,0.0008951204945333302021
2.5710000000000389118e-05,-0.00076918432023376226425,0.00030513346428051590919
2.5740000000000390524e-05,-0.0013518359046429395676,0.00012464451720006763935
2.5770000000000391931e-05,-0.0017940371762961149216,0.00055597699247300624847
2.5800000000000393338e-05,-0.0016354417894035577774,0.0011331004789099097252
2.5830000000000394745e-05,-0.0010537005728110671043,0.0012793382629752159119
2.5860000000000396152e-05,-0.00066398922353982925415,0.00087044684914872050285
2.5890000000000397559e-05,-0.00082012009806931018829,0.00032533248304389417171
2.5920000000000398965e-05,-0.0013212402118369936943,0.00017177444533444941044
2.5950000000000400372e-05,-0.0014795268652960658073,0.00045423113624565303326
2.5980000000000401779e-05,-0.00058749294839799404144,0.00057854532497003674507
2.6010000000000403186e-05,0.0007944921380840241909,0.00020482557010836899281
2.6040000000000404593e-05,0.0014911149628460407257,-0.00041876599425449967384
2.6070000000000406e-05,0.00089199375361204147339,-0.00073131982935592532158
2.6100000000000407406e-05,-0.00050494959577918052673,-0.00037935670115984976292
2.6130000000000408813e-05,-0.0015287128044292330742,0.0004021123168058693409
2.616000000000041022e-05,-0.0015978582669049501419,0.0010679226834326982498
2.6190000000000411627e-05,-0.0011049195891246199608,0.0012427677866071462631
2.6220000000000413034e-05,-0.00069362367503345012665,0.0008848679717630147934
2.6250000000000414441e-05,-0.00080703932326287031174,0.00035327163641341030598
2.6280000000000415847e-05,-0.0013273416552692651749,0.00018028760678134858608
2.6310000000000417254e-05,-0.0017426207195967435837,0.00055315240751951932907
2.6340000000000418661e-05,-0.001635562162846326828,0.0011041399557143449783
2.6370000000000420068e-05,-0.0010882666101679205894,0.0012875399552285671234
2.6400000000000421475e-05,-0.00064128165831789374352,0.00090881920186802744865
2.6430000000000422882e-05,-0.00075629609636962413788,0.00030849108588881790638
2.6460000000000424288e-05,-0.0013482612557709217072,0.00010521759395487606525
2.6490000000000425695e-05,-0.0017947477754205465317,0.00055213196901604533195
2.6520000000000427102e-05,-0.001630954560823738575,0.0011309635592624545097
2.6550000000000428509e-05,-0.00087427994003519415855,0.0011894964845851063728
2.6580000000000429916e-05,0.00029263668693602085114,0.0003957173321396112442
2.6610000000000431323e-05,0.0010725734755396842957,-0.00071119097992777824402
2.6640000000000432729e-05,0.0009647619444876909256,-0.0011771064018830657005
2.6670000000000434136e-05,0.00067297252826392650604,-0.00086775375530123710632
2.6700000000000435543e-05,0.00081197236431762576103,-0.00033927141339518129826
2.673000000000043695e-05,0.0012800509575754404068,-0.00016616155335213989019
2.6760000000000438357e-05,0.0012973586563020944595,-0.00036225473741069436073
2.6790000000000439764e-05,0.00033654924482107162476,-0.00042877972009591758251
2.682000000000044117e-05,-0.00096015649614855647087,-9.2248606961220502853e-05
2.6850000000000442577e-05,-0.0016667740419507026672,0.00050962693057954311371
2.6880000000000443984e-05,-0.0015919578727334737778,0.001080723712220788002
2.6910000000000445391e-05,-0.0010848445817828178406,0.0012570666149258613586
2.6940000000000446798e-05,-0.00068501784699037671089,0.0008917828090488910675
2.6970000000000448205e-05,-0.00079576985444873571396,0.00034519963082857429981
2.7000000000000449611e-05,-0.0013241198612377047539,0.000166612400789745152
2.7030000000000451018e-05,-0.001757734338752925396,0.00054771470604464411736
2.7060000000000452425e-05,-0.0016433063428848981857,0.0011073474306613206863
2.7090000000000453832e-05,-0.0010800436139106750488,0.0013051915448158979416
2.7120000000000455239e-05,-0.00060153071535751223564,0.00090191850904375314713
2.7150000000000456646e-05,-0.00060938205569982528687,0.00022935905144549906254
2.7180000000000458052e-05,-0.00047800265019759535789,-0.00032098413794301450253
2.7210000000000459459e-05,7.9727818956598639488e-05,-0.00048090872587636113167
2.7240000000000460866e-05,0.00060934526845812797546,-0.00019100354984402656555
2.7270000000000462273e-05,0.00075796706369146704674,0.0001565384591231122613
2.730000000000046368e-05,0.00021558324806392192841,0.00028327593463473021984
2.7330000000000465087e-05,-0.00055640388745814561844,0.00013366645725909620523
2.7360000000000466494e-05,-0.00095045787747949361801,-2.6980298571288585663e-05
2.73900000000004679e-05,-0.00052073929691687226295,-7.23784105503000319e-05
2.7420000000000469307e-05,0.00040184226236306130886,-2.9226204787846654654e-05
2.7450000000000470714e-05,0.0010540327057242393494,-2.0871786546194925904e-05
2.7480000000000472121e-05,0.00082010199548676609993,-8.9332897914573550224e-05
2.7510000000000473528e-05,-0.00018135196296498179436,-9.9242664873600006104e-05
2.7540000000000474935e-05,-0.0012047825148329138756,9.2260437668301165104e-05
2.7570000000000476341e-05,-0.0017153553199023008347,0.00055002921726554632187
2.7600000000000477748e-05,-0.0016184266423806548119,0.001087113749235868454
2.7630000000000479155e-05,-0.0010924887610599398613,0.0012620135676115751266
2.7660000000000480562e-05,-0.00066965009318664669991,0.00089577515609562397003
2.7690000000000481969e-05,-0.00078699801815673708916,0.00034597289049997925758
2.7720000000000483376e-05,-0.0012975947465747594833,0.00015651829016860574484
2.7750000000000484782e-05,-0.0015599927864968776703,0.00044343469198793172836
2.7780000000000486189e-05,-0.00081970659084618091583,0.00069469062145799398422
2.7810000000000487596e-05,0.00073843880090862512589,0.0003184695378877222538
2.7840000000000489003e-05,0.0017270359676331281662,-0.00046414788812398910522
2.787000000000049041e-05,0.0016618014778941869736,-0.0011400071671232581139
2.7900000000000491817e-05,0.0010579887311905622482,-0.001334874425083398819
2.7930000000000493223e-05,0.00060904095880687236786,-0.00089077837765216827393
2.796000000000049463e-05,0.00077876111026853322983,-0.00028853607363998889923
2.7990000000000496037e-05,0.0013598771765828132629,-0.00013654245412908494473
2.8020000000000497444e-05,0.0017786570824682712555,-0.0005640017334371805191
2.8050000000000498851e-05,0.0016222791746258735657,-0.0011300340993329882622
2.8080000000000500258e-05,0.0010551343439146876335,-0.0012797600356861948967
2.8110000000000501664e-05,0.00064693740569055080414,-0.00087136297952383756638
2.8140000000000503071e-05,0.00070555345155298709869,-0.00028491680859588086605
2.8170000000000504478e-05,0.00075520185055211186409,0.00011136765533592551947
2.8200000000000505885e-05,0.00027004294679500162601,0.00022643369447905570269
2.8230000000000507292e-05,-0.00054692389676347374916,0.00013876165030524134636
2.8260000000000508699e-05,-0.0013079566415399312973,0.00016208703164011240005
2.8290000000000510105e-05,-0.0017412819433957338333,0.00056203955318778753281
2.8320000000000511512e-05,-0.0016002671327441930771,0.0010940498905256390572
2.8350000000000512919e-05,-0.00088495161617174744606,0.0011736135929822921753
2.8380000000000514326e-05,0.00015202032227534800768,0.00047465358511544764042
2.8410000000000515733e-05,0.00096914550522342324257,-0.0006176821771077811718
2.844000000000051714e-05,0.00088150851661339402199,-0.0011464729905128479004
2.8470000000000518546e-05,0.0001050664286594837904,-0.00064163067145273089409
2.8500000000000519953e-05,-0.00069098221138119697571,0.0004646803135983645916
2.853000000000052136e-05,-0.00088026758749037981033,0.0011574148666113615036
2.8560000000000522767e-05,-0.00058557308511808514595,0.00090620538685470819473
2.8590000000000524174e-05,-0.00072584993904456496239,0.0002857825311366468668
2.8620000000000525581e-05,-0.0013446221128106117249,9.4597009592689573765e-05
2.8650000000000526987e-05,-0.0018085483461618423462,0.00053656316595152020454
2.8680000000000528394e-05,-0.0016689628828316926956,0.0011431958992034196854
2.8710000000000529801e-05,-0.0010593772167339920998,0.0013119818177074193954
2.8740000000000531208e-05,-0.00056946981931105256081,0.0008617833373136818409
2.8770000000000532615e-05,-0.0002485369041096419096,4.87552606500685215e-05
2.8800000000000534022e-05,0.00010670037590898573399,-0.00062394060660153627396
2.8830000000000535428e-05,0.00035262777237221598625,-0.00065790751250460743904
2.8860000000000536835e-05,0.00042623816989362239838,-0.00013997600763104856014
2.8890000000000538242e-05,0.00021742051467299461365,0.00042707717511802911758
2.8920000000000539649e-05,-0.00019121622608508914709,0.00055259058717638254166
2.8950000000000541056e-05,-0.00053698645206168293953,0.00019282454741187393665
2.8980000000000542463e-05,-0.00052018242422491312027,-0.0002552438818383961916
2.9010000000000543869e-05,-4.6654109610244631767e-05,-0.00039759572246111929417
2.9040000000000545276e-05,0.00064724835101515054703,-0.00022638915106654167175
2.9070000000000546683e-05,0.0013135473709553480148,-0.00015278375940397381783
2.910000000000054809e-05,0.0017525224247947335243,-0.00053699529962614178658
2.9130000000000549497e-05,0.00159903685562312603,-0.0010945956455543637276
2.9160000000000550904e-05,0.00078326812945306301117,-0.0011547890026122331619
2.919000000000055231e-05,-0.00044523127144202589989,-0.00035776614095084369183
2.9220000000000553717e-05,-0.0012578521855175495148,0.00080330454511567950249
2.9250000000000555124e-05,-0.0010184306884184479713,0.0013061378849670290947
2.9280000000000556531e-05,-0.00058664090465754270554,0.00090117391664534807205
2.9310000000000557938e-05,-0.00071524205850437283516,0.00026612501824274659157
2.9340000000000559345e-05,-0.0013196321669965982437,5.2552306442521512508e-05
2.9370000000000560751e-05,-0.0013754512183368206024,0.00031689638854004442692
2.9400000000000562158e-05,-0.00022791023366153240204,0.00040849752258509397507
2.9430000000000563565e-05,0.0011007154826074838638,7.5450225267559289932e-05
2.9460000000000564972e-05,0.0017462464747950434685,-0.00052597635658457875252
2.9490000000000566379e-05,0.0016303344164043664932,-0.0011312259593978524208
2.9520000000000567786e-05,0.0010608581360429525375,-0.0012875725515186786652
2.9550000000000569192e-05,0.00064397137612104415894,-0.00088126433547586202621
2.9580000000000570599e-05,0.00079199194442480802536,-0.00032229992211796343327
2.9610000000000572006e-05,0.0013366474304348230362,-0.00016033562133088707924
2.9640000000000573413e-05,0.0016815932467579841614,-0.00051717646420001983643
2.967000000000057482e-05,0.0011205702321603894234,-0.00085822702385485172272
2.9700000000000576227e-05,-0.00028268271125853061676,-0.00056433852296322584152
2.9730000000000577633e-05,-0.0014249781379476189613,0.00028117082547396421432
2.976000000000057904e-05,-0.0013119913637638092041,0.00093525415286421775818
2.9790000000000580447e-05,-5.4120959248393774033e-05,0.00075658567948266863823
2.9820000000000581854e-05,0.0012693314347416162491,-0.00015750898455735296011
2.9850000000000583261e-05,0.0014418957289308309555,-0.00098071282263845205307
2.9880000000000584668e-05,0.00036174306296743452549,-0.00096090900478884577751
2.9910000000000586074e-05,-0.0010575522901490330696,-2.2897977032698690891e-05
2.9940000000000587481e-05,-0.0015085870400071144104,0.00099620560649782419205
2.9970000000000588888e-05,-0.0006469289073720574379,0.0011432559695094823837
